,gender,parental level of education,lunch,test preparation course,Ras Group A,Ras Group B,Ras Group C,Ras Group D,Ras Group E,math score
0,1,2,1,1,0.0,0.0,0.0,1.0,0.0,59
1,0,3,1,0,0.0,0.0,0.0,1.0,0.0,96
2,1,2,0,0,0.0,0.0,0.0,1.0,0.0,57
3,0,2,0,0,0.0,1.0,0.0,0.0,0.0,70
4,1,3,1,0,0.0,0.0,0.0,1.0,0.0,83
5,0,0,1,0,0.0,0.0,1.0,0.0,0.0,68
6,1,3,1,0,0.0,0.0,0.0,0.0,1.0,82
7,1,0,1,0,0.0,1.0,0.0,0.0,0.0,46
8,0,0,1,0,0.0,0.0,1.0,0.0,0.0,80
9,1,4,1,1,0.0,0.0,1.0,0.0,0.0,57
10,0,0,1,0,0.0,1.0,0.0,0.0,0.0,74
11,0,5,1,0,0.0,1.0,0.0,0.0,0.0,53
12,0,4,0,0,0.0,1.0,0.0,0.0,0.0,76
13,0,2,1,0,1.0,0.0,0.0,0.0,0.0,70
14,0,5,0,0,0.0,0.0,1.0,0.0,0.0,55
15,0,5,0,0,0.0,0.0,0.0,0.0,1.0,56
16,1,2,0,0,0.0,0.0,1.0,0.0,0.0,35
17,1,1,1,0,0.0,0.0,1.0,0.0,0.0,87
18,1,3,0,0,0.0,0.0,0.0,0.0,1.0,80
19,1,3,1,1,0.0,0.0,0.0,1.0,0.0,65
20,0,1,0,0,0.0,0.0,1.0,0.0,0.0,66
21,1,3,1,1,0.0,0.0,0.0,1.0,0.0,67
22,1,2,1,0,0.0,1.0,0.0,0.0,0.0,70
23,0,3,1,0,0.0,0.0,0.0,0.0,1.0,89
24,0,3,1,1,0.0,0.0,0.0,1.0,0.0,99
25,0,2,1,0,0.0,1.0,0.0,0.0,0.0,74
26,0,1,0,0,0.0,0.0,0.0,1.0,0.0,58
27,0,0,1,0,0.0,0.0,0.0,1.0,0.0,70
28,1,3,1,0,0.0,0.0,0.0,0.0,1.0,80
29,0,3,1,0,0.0,0.0,0.0,1.0,0.0,90
30,1,3,1,1,0.0,1.0,0.0,0.0,0.0,80
31,1,3,0,0,0.0,0.0,0.0,1.0,0.0,68
32,1,1,0,1,0.0,1.0,0.0,0.0,0.0,69
33,1,5,0,0,0.0,0.0,0.0,1.0,0.0,32
34,0,1,1,1,0.0,0.0,0.0,1.0,0.0,82
35,1,0,1,0,1.0,0.0,0.0,0.0,0.0,57
36,1,2,0,0,0.0,0.0,0.0,0.0,1.0,69
37,0,3,1,1,0.0,0.0,0.0,1.0,0.0,68
38,0,3,0,1,0.0,0.0,1.0,0.0,0.0,74
39,0,5,1,0,0.0,0.0,0.0,0.0,1.0,89
40,0,3,0,1,0.0,0.0,1.0,0.0,0.0,46
41,0,3,1,1,0.0,0.0,1.0,0.0,0.0,76
42,0,1,1,0,0.0,1.0,0.0,0.0,0.0,86
43,0,2,1,0,0.0,0.0,0.0,1.0,0.0,69
44,1,1,1,0,0.0,1.0,0.0,0.0,0.0,52
45,0,4,1,0,0.0,0.0,1.0,0.0,0.0,63
46,0,3,1,1,1.0,0.0,0.0,0.0,0.0,96
47,0,2,1,1,0.0,0.0,1.0,0.0,0.0,80
48,1,1,1,0,0.0,0.0,0.0,0.0,1.0,59
49,0,0,1,1,0.0,0.0,0.0,1.0,0.0,80
50,1,1,0,1,0.0,0.0,0.0,0.0,1.0,65
51,1,5,0,1,0.0,0.0,0.0,0.0,1.0,74
52,0,0,1,0,0.0,0.0,0.0,1.0,0.0,90
53,1,2,1,1,0.0,1.0,0.0,0.0,0.0,69
54,0,1,1,0,0.0,0.0,1.0,0.0,0.0,69
55,1,2,1,0,0.0,0.0,1.0,0.0,0.0,62
56,1,5,1,0,0.0,0.0,0.0,1.0,0.0,67
57,1,0,1,1,0.0,0.0,0.0,0.0,1.0,89
58,1,4,1,0,0.0,0.0,1.0,0.0,0.0,79
59,0,0,1,0,0.0,0.0,1.0,0.0,0.0,67
60,0,0,1,1,0.0,0.0,0.0,1.0,0.0,82
61,0,0,0,1,0.0,0.0,1.0,0.0,0.0,63
62,1,2,0,0,0.0,0.0,0.0,1.0,0.0,71
63,1,3,1,0,0.0,0.0,1.0,0.0,0.0,55
64,1,1,0,0,0.0,1.0,0.0,0.0,0.0,61
65,1,3,0,0,0.0,1.0,0.0,0.0,0.0,35
66,0,1,0,0,0.0,0.0,1.0,0.0,0.0,75
67,1,0,0,1,0.0,1.0,0.0,0.0,0.0,73
68,1,1,0,0,0.0,0.0,1.0,0.0,0.0,56
69,0,3,1,0,0.0,0.0,0.0,1.0,0.0,80
70,0,0,1,1,0.0,0.0,1.0,0.0,0.0,83
71,1,2,0,1,0.0,0.0,0.0,1.0,0.0,64
72,1,0,1,0,0.0,0.0,1.0,0.0,0.0,23
73,1,0,0,1,0.0,0.0,0.0,1.0,0.0,41
74,0,2,1,1,0.0,0.0,0.0,0.0,1.0,61
75,0,4,1,0,0.0,1.0,0.0,0.0,0.0,63
76,0,3,0,1,0.0,1.0,0.0,0.0,0.0,84
77,0,2,1,0,0.0,0.0,1.0,0.0,0.0,55
78,0,3,1,1,1.0,0.0,0.0,0.0,0.0,85
79,0,1,1,0,0.0,1.0,0.0,0.0,0.0,65
80,0,3,1,0,0.0,0.0,1.0,0.0,0.0,88
81,0,5,0,1,0.0,0.0,0.0,1.0,0.0,91
82,1,2,1,0,1.0,0.0,0.0,0.0,0.0,51
83,0,2,1,1,0.0,0.0,1.0,0.0,0.0,73
84,1,2,1,0,0.0,0.0,0.0,1.0,0.0,73
85,0,5,1,0,0.0,0.0,0.0,1.0,0.0,100
86,1,0,1,1,0.0,0.0,0.0,1.0,0.0,48
87,0,2,1,0,0.0,0.0,0.0,0.0,1.0,98
88,0,5,1,0,0.0,1.0,0.0,0.0,0.0,68
89,0,4,1,0,0.0,0.0,1.0,0.0,0.0,64
90,0,3,0,1,0.0,0.0,1.0,0.0,0.0,72
91,1,4,1,0,0.0,0.0,1.0,0.0,0.0,63
92,0,2,1,0,0.0,0.0,1.0,0.0,0.0,43
93,0,2,1,0,0.0,0.0,0.0,1.0,0.0,80
94,1,2,1,0,0.0,0.0,1.0,0.0,0.0,71
95,1,3,1,1,0.0,0.0,1.0,0.0,0.0,91
96,1,2,1,1,0.0,0.0,0.0,1.0,0.0,68
97,1,3,1,0,0.0,1.0,0.0,0.0,0.0,73
98,1,1,0,1,0.0,1.0,0.0,0.0,0.0,75
99,0,2,0,0,0.0,0.0,1.0,0.0,0.0,83
100,0,1,1,0,0.0,0.0,0.0,1.0,0.0,88
101,0,4,1,0,0.0,0.0,1.0,0.0,0.0,59
102,0,3,1,0,0.0,0.0,0.0,1.0,0.0,74
103,1,2,0,0,0.0,0.0,1.0,0.0,0.0,43
104,1,1,0,0,0.0,0.0,1.0,0.0,0.0,76
105,1,0,1,0,0.0,0.0,0.0,1.0,0.0,74
106,1,0,1,1,0.0,1.0,0.0,0.0,0.0,69
107,1,0,1,0,0.0,1.0,0.0,0.0,0.0,62
108,0,3,0,1,0.0,0.0,1.0,0.0,0.0,61
109,0,2,1,0,0.0,0.0,0.0,0.0,1.0,88
110,1,0,0,1,0.0,0.0,0.0,1.0,0.0,64
111,1,4,1,0,0.0,1.0,0.0,0.0,0.0,65
112,1,2,1,1,0.0,0.0,1.0,0.0,0.0,73
113,1,5,1,1,0.0,0.0,1.0,0.0,0.0,50
114,1,3,1,1,0.0,1.0,0.0,0.0,0.0,63
115,1,4,1,0,0.0,0.0,0.0,0.0,1.0,98
116,1,1,1,0,0.0,0.0,0.0,0.0,1.0,90
117,0,1,0,1,0.0,0.0,1.0,0.0,0.0,64
118,1,1,0,0,0.0,1.0,0.0,0.0,0.0,38
119,1,4,1,0,0.0,1.0,0.0,0.0,0.0,84
120,0,1,1,1,0.0,0.0,0.0,1.0,0.0,81
121,0,5,1,0,0.0,0.0,0.0,1.0,0.0,82
122,1,3,0,1,0.0,0.0,0.0,1.0,0.0,64
123,1,1,1,0,0.0,1.0,0.0,0.0,0.0,55
124,1,4,0,1,0.0,0.0,0.0,1.0,0.0,59
125,1,2,1,0,0.0,0.0,0.0,0.0,1.0,83
126,0,3,1,1,0.0,1.0,0.0,0.0,0.0,76
127,1,0,1,1,0.0,0.0,0.0,1.0,0.0,83
128,1,3,1,0,0.0,0.0,1.0,0.0,0.0,69
129,1,3,0,0,0.0,0.0,1.0,0.0,0.0,52
130,1,2,1,0,0.0,0.0,1.0,0.0,0.0,56
131,0,0,0,1,0.0,0.0,0.0,1.0,0.0,47
132,0,5,1,0,0.0,0.0,0.0,1.0,0.0,71
133,1,5,1,1,0.0,0.0,1.0,0.0,0.0,66
134,0,2,1,0,0.0,0.0,1.0,0.0,0.0,81
135,1,5,1,0,0.0,0.0,0.0,0.0,1.0,85
136,1,5,1,0,0.0,0.0,0.0,0.0,1.0,76
137,1,2,0,0,0.0,0.0,0.0,1.0,0.0,50
138,0,1,1,0,0.0,0.0,1.0,0.0,0.0,76
139,0,2,1,0,0.0,0.0,1.0,0.0,0.0,65
140,1,1,1,0,0.0,0.0,0.0,1.0,0.0,59
141,0,1,1,0,0.0,0.0,1.0,0.0,0.0,84
142,0,4,1,0,0.0,0.0,0.0,0.0,1.0,85
143,1,3,1,0,0.0,0.0,0.0,1.0,0.0,61
144,1,4,1,1,1.0,0.0,0.0,0.0,0.0,73
145,0,0,1,0,0.0,0.0,0.0,1.0,0.0,82
146,1,3,1,0,0.0,0.0,0.0,0.0,1.0,75
147,0,4,1,0,0.0,0.0,1.0,0.0,0.0,91
148,1,5,1,0,0.0,0.0,1.0,0.0,0.0,67
149,0,1,1,1,0.0,0.0,0.0,1.0,0.0,62
150,0,5,1,0,0.0,1.0,0.0,0.0,0.0,61
151,1,1,1,0,0.0,0.0,1.0,0.0,0.0,66
152,0,5,1,0,1.0,0.0,0.0,0.0,0.0,59
153,1,3,0,0,0.0,1.0,0.0,0.0,0.0,67
154,1,3,1,1,0.0,1.0,0.0,0.0,0.0,91
155,0,3,0,1,0.0,0.0,1.0,0.0,0.0,87
156,0,2,1,1,0.0,1.0,0.0,0.0,0.0,83
157,1,3,1,0,0.0,0.0,0.0,1.0,0.0,70
158,0,3,1,0,0.0,0.0,0.0,0.0,1.0,83
159,0,3,1,0,0.0,0.0,1.0,0.0,0.0,49
160,0,1,1,1,0.0,0.0,0.0,1.0,0.0,65
161,0,3,0,1,0.0,1.0,0.0,0.0,0.0,50
162,0,2,1,0,1.0,0.0,0.0,0.0,0.0,62
163,0,4,1,0,0.0,0.0,0.0,0.0,1.0,56
164,1,3,1,0,0.0,0.0,1.0,0.0,0.0,44
165,1,0,0,0,0.0,0.0,0.0,0.0,1.0,63
166,0,1,1,1,0.0,0.0,0.0,1.0,0.0,72
167,1,4,0,1,0.0,0.0,0.0,1.0,0.0,64
168,1,2,1,1,0.0,1.0,0.0,0.0,0.0,61
169,0,2,0,0,0.0,0.0,0.0,1.0,0.0,82
170,1,0,1,1,1.0,0.0,0.0,0.0,0.0,57
171,0,5,1,0,0.0,0.0,0.0,0.0,1.0,43
172,0,0,1,0,0.0,0.0,0.0,1.0,0.0,69
173,1,5,1,0,0.0,0.0,0.0,1.0,0.0,62
174,1,0,1,0,0.0,1.0,0.0,0.0,0.0,60
175,0,1,1,0,0.0,0.0,0.0,0.0,1.0,81
176,1,3,0,1,0.0,0.0,1.0,0.0,0.0,68
177,0,3,1,0,0.0,0.0,1.0,0.0,0.0,65
178,1,1,1,0,0.0,1.0,0.0,0.0,0.0,59
179,1,3,1,0,0.0,1.0,0.0,0.0,0.0,81
180,0,5,0,0,1.0,0.0,0.0,0.0,0.0,84
181,1,1,1,1,1.0,0.0,0.0,0.0,0.0,56
182,0,5,0,1,0.0,1.0,0.0,0.0,0.0,71
183,1,5,0,0,0.0,0.0,0.0,1.0,0.0,93
184,1,1,1,0,0.0,0.0,1.0,0.0,0.0,77
185,0,2,1,0,0.0,0.0,1.0,0.0,0.0,50
186,1,2,1,0,0.0,0.0,0.0,1.0,0.0,75
187,1,4,1,0,0.0,0.0,1.0,0.0,0.0,64
188,0,4,1,0,0.0,0.0,1.0,0.0,0.0,77
189,1,0,1,1,1.0,0.0,0.0,0.0,0.0,64
190,0,0,1,0,0.0,1.0,0.0,0.0,0.0,71
191,0,0,0,1,0.0,0.0,0.0,1.0,0.0,58
192,1,1,0,0,0.0,0.0,0.0,1.0,0.0,47
193,0,3,1,0,0.0,0.0,0.0,1.0,0.0,57
194,0,2,1,1,0.0,0.0,1.0,0.0,0.0,82
195,1,5,1,0,0.0,1.0,0.0,0.0,0.0,53
196,1,3,0,1,0.0,0.0,1.0,0.0,0.0,89
197,1,2,1,1,0.0,0.0,0.0,0.0,1.0,89
198,1,2,0,1,1.0,0.0,0.0,0.0,0.0,75
199,0,2,0,0,0.0,0.0,0.0,1.0,0.0,62
200,1,1,1,0,0.0,1.0,0.0,0.0,0.0,63
201,0,1,1,0,0.0,0.0,0.0,0.0,1.0,100
202,1,3,1,0,0.0,1.0,0.0,0.0,0.0,62
203,1,3,1,0,0.0,1.0,0.0,0.0,0.0,75
204,0,2,1,0,0.0,0.0,1.0,0.0,0.0,51
205,0,5,0,0,0.0,0.0,0.0,0.0,1.0,74
206,0,0,1,1,0.0,0.0,1.0,0.0,0.0,52
207,0,5,0,0,0.0,0.0,0.0,0.0,1.0,69
208,1,0,0,1,0.0,0.0,0.0,0.0,1.0,46
209,1,2,1,0,0.0,0.0,0.0,0.0,1.0,74
210,0,5,1,0,0.0,1.0,0.0,0.0,0.0,100
211,0,0,1,0,1.0,0.0,0.0,0.0,0.0,83
212,0,3,0,1,0.0,0.0,0.0,1.0,0.0,82
213,1,1,1,0,0.0,0.0,0.0,1.0,0.0,58
214,0,0,0,1,1.0,0.0,0.0,0.0,0.0,59
215,1,1,1,0,0.0,0.0,0.0,1.0,0.0,77
216,1,1,1,0,0.0,0.0,0.0,0.0,1.0,61
217,0,5,1,0,0.0,0.0,1.0,0.0,0.0,85
218,1,1,0,1,0.0,0.0,0.0,0.0,1.0,59
219,1,5,0,1,0.0,0.0,1.0,0.0,0.0,71
220,1,0,1,0,0.0,0.0,0.0,0.0,1.0,52
221,1,2,1,0,0.0,0.0,0.0,1.0,0.0,62
222,0,3,1,0,0.0,1.0,0.0,0.0,0.0,47
223,0,2,1,1,0.0,0.0,0.0,1.0,0.0,96
224,1,0,1,0,0.0,0.0,0.0,0.0,1.0,48
225,0,1,0,0,0.0,0.0,1.0,0.0,0.0,20
226,1,0,1,0,0.0,0.0,1.0,0.0,0.0,70
227,0,1,0,1,0.0,1.0,0.0,0.0,0.0,59
228,1,2,1,0,0.0,1.0,0.0,0.0,0.0,83
229,0,4,1,0,0.0,0.0,1.0,0.0,0.0,75
230,0,2,0,1,0.0,0.0,0.0,1.0,0.0,73
231,1,3,1,0,0.0,0.0,1.0,0.0,0.0,78
232,0,4,1,1,0.0,1.0,0.0,0.0,0.0,94
233,1,0,0,1,0.0,1.0,0.0,0.0,0.0,46
234,0,2,0,1,0.0,0.0,0.0,1.0,0.0,77
235,0,0,1,0,0.0,1.0,0.0,0.0,0.0,63
236,0,4,1,1,0.0,1.0,0.0,0.0,0.0,64
237,1,0,0,0,0.0,0.0,0.0,1.0,0.0,60
238,1,2,1,0,0.0,0.0,0.0,1.0,0.0,74
239,1,1,0,0,0.0,1.0,0.0,0.0,0.0,67
240,0,1,1,1,0.0,0.0,1.0,0.0,0.0,78
241,0,1,1,1,0.0,0.0,1.0,0.0,0.0,88
242,1,3,0,1,0.0,0.0,1.0,0.0,0.0,52
243,0,1,1,0,0.0,0.0,1.0,0.0,0.0,88
244,0,1,1,1,1.0,0.0,0.0,0.0,0.0,78
245,1,1,1,0,0.0,0.0,1.0,0.0,0.0,55
246,0,4,1,1,0.0,1.0,0.0,0.0,0.0,62
247,1,4,1,1,0.0,1.0,0.0,0.0,0.0,66
248,0,4,1,0,0.0,0.0,0.0,1.0,0.0,39
249,0,2,1,0,0.0,1.0,0.0,0.0,0.0,85
250,1,1,0,0,0.0,1.0,0.0,0.0,0.0,46
251,0,5,0,1,0.0,0.0,1.0,0.0,0.0,57
252,1,3,1,1,0.0,1.0,0.0,0.0,0.0,65
253,0,2,1,0,0.0,0.0,1.0,0.0,0.0,86
254,0,0,1,0,0.0,0.0,1.0,0.0,0.0,59
255,1,0,0,1,0.0,0.0,0.0,1.0,0.0,49
256,0,2,0,0,0.0,1.0,0.0,0.0,0.0,51
257,1,3,1,0,1.0,0.0,0.0,0.0,0.0,53
258,1,2,1,0,0.0,0.0,1.0,0.0,0.0,82
259,1,1,0,0,0.0,0.0,1.0,0.0,0.0,51
260,1,5,0,0,0.0,0.0,0.0,1.0,0.0,73
261,1,1,0,0,0.0,0.0,0.0,1.0,0.0,42
262,1,2,0,1,0.0,0.0,1.0,0.0,0.0,41
263,1,2,1,0,0.0,0.0,1.0,0.0,0.0,84
264,1,1,0,0,0.0,0.0,0.0,0.0,1.0,74
265,0,3,1,0,0.0,0.0,1.0,0.0,0.0,91
266,0,3,1,0,0.0,0.0,0.0,1.0,0.0,67
267,1,1,1,0,0.0,1.0,0.0,0.0,0.0,54
268,1,5,1,0,0.0,0.0,0.0,1.0,0.0,44
269,1,5,1,1,0.0,0.0,1.0,0.0,0.0,65
270,0,3,1,0,1.0,0.0,0.0,0.0,0.0,37
271,1,3,0,0,1.0,0.0,0.0,0.0,0.0,58
272,1,4,0,0,0.0,0.0,1.0,0.0,0.0,69
273,0,0,1,0,0.0,0.0,1.0,0.0,0.0,64
274,1,1,1,0,0.0,0.0,1.0,0.0,0.0,70
275,1,1,0,0,0.0,1.0,0.0,0.0,0.0,55
276,1,2,1,1,0.0,1.0,0.0,0.0,0.0,45
277,0,2,1,1,0.0,0.0,0.0,0.0,1.0,80
278,0,2,1,0,1.0,0.0,0.0,0.0,0.0,77
279,0,4,0,0,0.0,1.0,0.0,0.0,0.0,57
280,1,4,1,0,0.0,0.0,1.0,0.0,0.0,67
281,1,5,1,0,1.0,0.0,0.0,0.0,0.0,68
282,0,1,1,0,0.0,0.0,1.0,0.0,0.0,49
283,1,3,1,0,0.0,0.0,0.0,1.0,0.0,42
284,1,3,1,0,0.0,0.0,0.0,0.0,1.0,96
285,1,4,0,0,0.0,0.0,1.0,0.0,0.0,55
286,0,5,1,0,0.0,0.0,0.0,1.0,0.0,70
287,0,4,0,0,0.0,0.0,1.0,0.0,0.0,51
288,1,2,0,1,0.0,1.0,0.0,0.0,0.0,27
289,0,1,1,0,0.0,0.0,0.0,1.0,0.0,60
290,1,0,1,0,0.0,1.0,0.0,0.0,0.0,44
291,1,1,1,1,0.0,0.0,1.0,0.0,0.0,63
292,1,3,1,0,0.0,0.0,1.0,0.0,0.0,72
293,1,0,1,0,0.0,0.0,0.0,1.0,0.0,82
294,1,4,1,1,0.0,1.0,0.0,0.0,0.0,82
295,1,0,1,0,1.0,0.0,0.0,0.0,0.0,70
296,0,1,0,1,0.0,0.0,0.0,0.0,1.0,76
297,1,4,0,1,0.0,0.0,1.0,0.0,0.0,62
298,1,1,0,0,0.0,1.0,0.0,0.0,0.0,58
299,1,1,1,0,1.0,0.0,0.0,0.0,0.0,61
300,0,4,1,1,0.0,1.0,0.0,0.0,0.0,88
301,1,2,1,0,0.0,0.0,1.0,0.0,0.0,61
302,0,1,1,1,0.0,0.0,0.0,1.0,0.0,88
303,0,0,0,0,0.0,0.0,0.0,0.0,1.0,57
304,1,1,1,1,0.0,0.0,0.0,1.0,0.0,92
305,0,5,1,0,0.0,0.0,1.0,0.0,0.0,80
306,0,0,1,0,1.0,0.0,0.0,0.0,0.0,62
307,1,2,1,0,0.0,0.0,0.0,1.0,0.0,71
308,1,1,0,0,0.0,0.0,0.0,1.0,0.0,54
309,0,2,0,0,1.0,0.0,0.0,0.0,0.0,43
310,1,2,1,0,0.0,0.0,1.0,0.0,0.0,51
311,0,0,1,0,0.0,0.0,1.0,0.0,0.0,57
312,0,0,1,1,0.0,0.0,1.0,0.0,0.0,62
313,1,0,1,0,0.0,1.0,0.0,0.0,0.0,48
314,1,0,1,1,0.0,0.0,0.0,1.0,0.0,94
315,0,2,0,0,0.0,1.0,0.0,0.0,0.0,44
316,1,3,1,0,0.0,0.0,1.0,0.0,0.0,56
317,0,3,0,0,0.0,0.0,0.0,1.0,0.0,68
318,0,2,0,0,0.0,0.0,0.0,1.0,0.0,61
319,1,1,1,1,0.0,0.0,1.0,0.0,0.0,49
320,1,0,1,0,0.0,0.0,0.0,0.0,1.0,78
321,0,1,1,0,0.0,0.0,1.0,0.0,0.0,66
322,0,0,0,0,0.0,0.0,1.0,0.0,0.0,61
323,0,2,0,0,0.0,0.0,0.0,1.0,0.0,59
324,1,1,0,0,0.0,1.0,0.0,0.0,0.0,49
325,1,3,0,0,0.0,1.0,0.0,0.0,0.0,61
326,1,4,0,1,0.0,0.0,1.0,0.0,0.0,54
327,1,1,0,1,0.0,1.0,0.0,0.0,0.0,45
328,1,4,0,1,0.0,0.0,0.0,1.0,0.0,81
329,1,3,1,0,0.0,1.0,0.0,0.0,0.0,71
330,0,3,1,0,0.0,1.0,0.0,0.0,0.0,67
331,1,2,1,0,0.0,0.0,0.0,1.0,0.0,56
332,1,1,0,1,0.0,1.0,0.0,0.0,0.0,60
333,0,3,1,0,0.0,0.0,0.0,1.0,0.0,95
334,0,2,1,0,0.0,1.0,0.0,0.0,0.0,60
335,0,4,1,0,0.0,1.0,0.0,0.0,0.0,82
336,0,2,0,0,0.0,1.0,0.0,0.0,0.0,78
337,1,3,1,0,0.0,0.0,1.0,0.0,0.0,57
338,0,2,1,0,1.0,0.0,0.0,0.0,0.0,72
339,1,0,1,0,0.0,1.0,0.0,0.0,0.0,37
340,0,2,1,0,0.0,0.0,1.0,0.0,0.0,72
341,0,2,0,0,0.0,1.0,0.0,0.0,0.0,52
342,0,1,1,1,1.0,0.0,0.0,0.0,0.0,80
343,0,3,1,0,0.0,0.0,0.0,1.0,0.0,89
344,1,2,1,1,0.0,0.0,1.0,0.0,0.0,84
345,1,0,1,0,0.0,1.0,0.0,0.0,0.0,67
346,1,5,1,1,0.0,1.0,0.0,0.0,0.0,59
347,0,2,1,1,0.0,0.0,1.0,0.0,0.0,95
348,1,5,1,0,0.0,1.0,0.0,0.0,0.0,71
349,1,1,1,0,0.0,0.0,1.0,0.0,0.0,72
350,0,1,1,1,0.0,0.0,0.0,0.0,1.0,83
351,0,0,1,0,0.0,0.0,0.0,0.0,1.0,94
352,0,2,0,1,0.0,1.0,0.0,0.0,0.0,58
353,0,4,1,1,0.0,0.0,1.0,0.0,0.0,75
354,1,0,0,0,0.0,1.0,0.0,0.0,0.0,65
355,1,4,0,1,0.0,0.0,1.0,0.0,0.0,68
356,1,0,0,0,0.0,0.0,1.0,0.0,0.0,34
357,0,2,1,0,0.0,0.0,0.0,0.0,1.0,97
358,1,1,1,0,0.0,0.0,0.0,1.0,0.0,44
359,0,0,1,1,0.0,0.0,0.0,1.0,0.0,60
360,1,1,0,1,0.0,0.0,1.0,0.0,0.0,66
361,0,1,1,0,0.0,0.0,0.0,0.0,1.0,96
362,1,1,0,0,0.0,1.0,0.0,0.0,0.0,39
363,0,2,0,0,0.0,0.0,1.0,0.0,0.0,56
364,0,1,1,0,0.0,0.0,1.0,0.0,0.0,31
365,1,4,1,1,0.0,0.0,1.0,0.0,0.0,74
366,0,4,1,1,0.0,0.0,0.0,1.0,0.0,100
367,1,1,1,1,1.0,0.0,0.0,0.0,0.0,68
368,1,3,0,1,0.0,0.0,1.0,0.0,0.0,79
369,0,4,0,0,0.0,0.0,0.0,0.0,1.0,62
370,1,3,1,0,1.0,0.0,0.0,0.0,0.0,72
371,1,2,1,0,0.0,0.0,1.0,0.0,0.0,66
372,0,1,1,1,0.0,0.0,1.0,0.0,0.0,64
373,1,0,1,0,0.0,0.0,1.0,0.0,0.0,62
374,1,4,0,1,0.0,0.0,0.0,0.0,1.0,68
375,0,2,0,1,0.0,0.0,1.0,0.0,0.0,70
376,1,4,0,0,0.0,0.0,0.0,0.0,1.0,63
377,1,1,1,1,0.0,0.0,0.0,1.0,0.0,91
378,1,2,1,0,0.0,0.0,0.0,1.0,0.0,58
379,0,2,1,0,0.0,0.0,0.0,0.0,1.0,75
380,1,3,0,0,0.0,0.0,1.0,0.0,0.0,44
381,1,2,0,0,0.0,0.0,1.0,0.0,0.0,68
382,0,4,0,0,0.0,0.0,1.0,0.0,0.0,65
383,1,2,0,1,0.0,0.0,0.0,1.0,0.0,66
384,0,4,0,0,0.0,0.0,1.0,0.0,0.0,73
385,1,3,0,0,0.0,0.0,1.0,0.0,0.0,66
386,0,2,1,0,0.0,0.0,0.0,0.0,1.0,81
387,0,0,1,0,0.0,0.0,0.0,0.0,1.0,77
388,1,2,0,0,0.0,0.0,0.0,1.0,0.0,43
389,1,4,1,0,0.0,0.0,1.0,0.0,0.0,58
390,0,2,0,0,0.0,0.0,1.0,0.0,0.0,65
391,0,1,1,0,0.0,0.0,1.0,0.0,0.0,92
392,0,0,1,1,0.0,0.0,0.0,1.0,0.0,56
393,1,5,1,0,0.0,0.0,0.0,1.0,0.0,65
394,0,3,1,0,0.0,0.0,0.0,1.0,0.0,72
395,0,0,1,1,0.0,0.0,0.0,1.0,0.0,100
396,1,1,1,0,0.0,0.0,1.0,0.0,0.0,69
397,0,2,1,1,0.0,0.0,0.0,1.0,0.0,70
398,0,1,1,0,0.0,0.0,0.0,0.0,1.0,90
399,0,1,1,0,0.0,0.0,1.0,0.0,0.0,90
400,1,1,1,1,0.0,0.0,0.0,1.0,0.0,63
401,1,3,1,0,0.0,0.0,0.0,1.0,0.0,40
402,1,1,1,0,1.0,0.0,0.0,0.0,0.0,64
403,0,2,1,0,0.0,0.0,1.0,0.0,0.0,90
404,0,2,1,0,0.0,0.0,1.0,0.0,0.0,76
405,0,2,0,0,0.0,1.0,0.0,0.0,0.0,42
406,1,4,0,1,0.0,0.0,0.0,1.0,0.0,45
407,0,4,1,0,0.0,0.0,0.0,1.0,0.0,76
408,0,0,1,1,0.0,0.0,1.0,0.0,0.0,63
409,0,2,1,1,0.0,0.0,0.0,0.0,1.0,84
410,1,4,0,0,1.0,0.0,0.0,0.0,0.0,62
411,1,3,0,1,0.0,0.0,1.0,0.0,0.0,69
412,0,0,1,0,0.0,0.0,1.0,0.0,0.0,77
413,0,4,1,0,0.0,0.0,0.0,1.0,0.0,63
414,0,1,1,1,0.0,0.0,1.0,0.0,0.0,72
415,0,3,1,0,0.0,0.0,0.0,0.0,1.0,75
416,1,4,1,0,0.0,0.0,1.0,0.0,0.0,61
417,1,1,1,0,1.0,0.0,0.0,0.0,0.0,79
418,1,1,1,0,0.0,0.0,0.0,1.0,0.0,53
419,0,2,1,1,0.0,1.0,0.0,0.0,0.0,77
420,0,1,0,0,1.0,0.0,0.0,0.0,0.0,44
421,0,1,1,0,0.0,1.0,0.0,0.0,0.0,44
422,1,3,1,1,0.0,0.0,1.0,0.0,0.0,71
423,1,3,1,1,0.0,1.0,0.0,0.0,0.0,60
424,0,0,1,0,0.0,1.0,0.0,0.0,0.0,49
425,1,1,1,1,1.0,0.0,0.0,0.0,0.0,82
426,0,5,0,0,0.0,0.0,0.0,0.0,1.0,68
427,1,0,0,0,0.0,0.0,0.0,1.0,0.0,58
428,1,1,1,0,0.0,1.0,0.0,0.0,0.0,65
429,0,3,1,0,0.0,0.0,1.0,0.0,0.0,50
430,1,3,0,1,0.0,0.0,0.0,1.0,0.0,73
431,0,0,0,1,0.0,0.0,0.0,1.0,0.0,40
432,1,0,0,1,0.0,0.0,1.0,0.0,0.0,60
433,0,3,0,0,0.0,0.0,1.0,0.0,0.0,57
434,0,2,0,0,0.0,0.0,1.0,0.0,0.0,57
435,1,0,1,0,0.0,1.0,0.0,0.0,0.0,83
436,0,5,1,0,0.0,0.0,1.0,0.0,0.0,68
437,0,4,1,0,0.0,0.0,0.0,1.0,0.0,74
438,0,5,0,0,0.0,1.0,0.0,0.0,0.0,76
439,1,0,0,0,0.0,0.0,1.0,0.0,0.0,38
440,1,1,1,0,0.0,0.0,1.0,0.0,0.0,63
441,0,4,0,0,0.0,0.0,0.0,0.0,1.0,87
442,0,1,0,0,0.0,0.0,0.0,0.0,1.0,81
443,1,3,1,0,0.0,0.0,0.0,1.0,0.0,84
444,1,1,0,1,0.0,0.0,0.0,0.0,1.0,68
445,1,0,0,0,1.0,0.0,0.0,0.0,0.0,57
446,1,5,1,0,0.0,0.0,1.0,0.0,0.0,75
447,1,1,0,0,0.0,0.0,1.0,0.0,0.0,39
448,1,0,1,1,0.0,0.0,0.0,1.0,0.0,54
449,0,3,1,0,0.0,0.0,0.0,1.0,0.0,71
450,0,2,1,0,1.0,0.0,0.0,0.0,0.0,58
451,1,3,1,1,0.0,0.0,0.0,1.0,0.0,82
452,1,3,1,1,0.0,0.0,0.0,1.0,0.0,73
453,1,0,1,0,0.0,0.0,0.0,1.0,0.0,52
454,0,0,0,0,0.0,1.0,0.0,0.0,0.0,33
455,0,3,1,1,0.0,0.0,0.0,1.0,0.0,67
456,1,0,0,0,0.0,1.0,0.0,0.0,0.0,61
457,1,3,1,1,0.0,0.0,0.0,0.0,1.0,86
458,0,4,1,1,0.0,0.0,0.0,1.0,0.0,98
459,0,2,1,1,0.0,0.0,1.0,0.0,0.0,72
460,0,3,0,0,0.0,1.0,0.0,0.0,0.0,60
461,0,2,1,0,0.0,0.0,1.0,0.0,0.0,66
462,0,0,1,1,0.0,0.0,1.0,0.0,0.0,86
463,1,1,1,0,0.0,1.0,0.0,0.0,0.0,45
464,1,0,1,0,0.0,0.0,1.0,0.0,0.0,75
465,1,3,1,0,1.0,0.0,0.0,0.0,0.0,51
466,1,1,1,0,0.0,0.0,1.0,0.0,0.0,21
467,0,1,0,0,0.0,0.0,0.0,1.0,0.0,54
468,0,1,1,0,0.0,0.0,0.0,1.0,0.0,83
469,0,3,0,0,0.0,1.0,0.0,0.0,0.0,74
470,0,4,1,0,0.0,0.0,1.0,0.0,0.0,73
471,0,0,0,1,0.0,0.0,0.0,1.0,0.0,69
472,1,2,1,0,0.0,0.0,1.0,0.0,0.0,81
473,0,4,1,1,0.0,0.0,0.0,0.0,1.0,95
474,0,2,1,1,0.0,0.0,0.0,0.0,1.0,97
475,1,5,1,1,0.0,0.0,1.0,0.0,0.0,62
476,0,0,1,0,0.0,0.0,1.0,0.0,0.0,63
477,1,1,1,1,0.0,0.0,0.0,1.0,0.0,50
478,1,0,1,0,0.0,0.0,0.0,1.0,0.0,25
479,0,0,1,0,0.0,0.0,0.0,1.0,0.0,73
480,0,3,0,1,0.0,0.0,0.0,1.0,0.0,57
481,0,1,1,0,0.0,0.0,1.0,0.0,0.0,64
482,1,1,1,0,0.0,0.0,0.0,0.0,1.0,86
483,1,3,0,0,0.0,0.0,0.0,1.0,0.0,62
484,0,3,1,0,0.0,0.0,0.0,1.0,0.0,97
485,1,2,1,0,1.0,0.0,0.0,0.0,0.0,62
486,1,0,1,0,0.0,0.0,0.0,0.0,1.0,91
487,0,3,0,1,0.0,0.0,1.0,0.0,0.0,60
488,0,1,0,0,0.0,0.0,0.0,0.0,1.0,59
489,1,3,1,0,0.0,0.0,0.0,1.0,0.0,75
490,1,5,1,1,0.0,0.0,1.0,0.0,0.0,79
491,1,1,0,0,1.0,0.0,0.0,0.0,0.0,34
492,0,0,0,0,0.0,0.0,0.0,1.0,0.0,49
493,1,2,1,1,0.0,1.0,0.0,0.0,0.0,47
494,0,3,1,0,0.0,0.0,0.0,0.0,1.0,78
495,0,0,0,1,0.0,0.0,0.0,1.0,0.0,46
496,0,3,0,0,0.0,0.0,1.0,0.0,0.0,72
497,1,3,0,0,0.0,0.0,0.0,1.0,0.0,45
498,1,3,0,0,0.0,0.0,1.0,0.0,0.0,28
499,1,0,1,0,0.0,0.0,0.0,1.0,0.0,83
500,1,2,1,1,0.0,0.0,0.0,0.0,1.0,86
501,0,1,0,0,0.0,1.0,0.0,0.0,0.0,65
502,1,2,0,1,0.0,1.0,0.0,0.0,0.0,69
503,1,1,1,1,0.0,1.0,0.0,0.0,0.0,66
504,1,2,0,0,0.0,0.0,0.0,0.0,1.0,41
505,0,5,0,1,0.0,0.0,0.0,1.0,0.0,67
506,0,4,0,1,0.0,0.0,1.0,0.0,0.0,57
507,1,3,0,1,0.0,0.0,1.0,0.0,0.0,42
508,1,1,0,0,0.0,0.0,0.0,1.0,0.0,75
509,1,3,1,1,0.0,0.0,1.0,0.0,0.0,77
510,0,5,0,0,0.0,1.0,0.0,0.0,0.0,65
511,1,0,1,1,0.0,0.0,0.0,0.0,1.0,87
512,1,1,0,1,0.0,0.0,0.0,1.0,0.0,72
513,1,1,1,0,0.0,0.0,0.0,0.0,1.0,71
514,1,2,0,1,0.0,0.0,1.0,0.0,0.0,60
515,1,1,0,1,0.0,0.0,0.0,1.0,0.0,67
516,1,1,1,0,0.0,0.0,1.0,0.0,0.0,54
517,0,4,0,1,0.0,1.0,0.0,0.0,0.0,48
518,0,1,1,1,0.0,0.0,1.0,0.0,0.0,67
519,0,0,0,1,0.0,1.0,0.0,0.0,0.0,58
520,1,1,1,1,0.0,0.0,1.0,0.0,0.0,80
521,1,2,1,0,0.0,1.0,0.0,0.0,0.0,84
522,0,2,1,1,0.0,0.0,1.0,0.0,0.0,48
523,1,2,0,1,0.0,1.0,0.0,0.0,0.0,55
524,1,0,1,1,0.0,0.0,1.0,0.0,0.0,69
525,0,1,1,0,0.0,0.0,1.0,0.0,0.0,74
526,1,0,1,0,0.0,0.0,0.0,1.0,0.0,62
527,0,1,1,1,0.0,0.0,0.0,1.0,0.0,76
528,0,4,1,0,0.0,1.0,0.0,0.0,0.0,84
529,0,1,1,0,0.0,0.0,0.0,0.0,1.0,93
530,0,3,1,0,0.0,0.0,0.0,0.0,1.0,56
531,1,0,1,0,0.0,1.0,0.0,0.0,0.0,52
532,1,2,1,1,0.0,0.0,1.0,0.0,0.0,81
533,0,1,1,1,0.0,0.0,0.0,0.0,1.0,84
534,0,0,1,0,0.0,0.0,0.0,1.0,0.0,55
535,0,1,0,1,0.0,0.0,1.0,0.0,0.0,54
536,0,0,0,0,0.0,1.0,0.0,0.0,0.0,46
537,0,1,0,0,0.0,0.0,0.0,1.0,0.0,48
538,0,0,1,0,0.0,0.0,1.0,0.0,0.0,79
539,1,1,0,1,0.0,0.0,0.0,0.0,1.0,66
540,0,3,0,1,1.0,0.0,0.0,0.0,0.0,56
541,1,3,0,0,0.0,0.0,0.0,0.0,1.0,60
542,0,0,1,1,1.0,0.0,0.0,0.0,0.0,79
543,0,1,0,1,0.0,0.0,1.0,0.0,0.0,41
544,1,3,0,0,0.0,0.0,1.0,0.0,0.0,35
545,1,2,0,0,1.0,0.0,0.0,0.0,0.0,54
546,1,1,1,1,0.0,0.0,0.0,1.0,0.0,85
547,1,3,1,0,0.0,0.0,0.0,0.0,1.0,92
548,1,0,0,1,0.0,0.0,1.0,0.0,0.0,52
549,0,3,0,0,0.0,0.0,1.0,0.0,0.0,73
550,1,0,0,1,0.0,0.0,0.0,1.0,0.0,62
551,0,0,1,0,0.0,0.0,0.0,0.0,1.0,75
552,1,3,1,0,0.0,1.0,0.0,0.0,0.0,90
553,0,3,1,0,0.0,0.0,0.0,1.0,0.0,81
554,0,0,0,0,0.0,0.0,1.0,0.0,0.0,74
555,0,3,0,1,0.0,1.0,0.0,0.0,0.0,68
556,0,2,1,0,0.0,0.0,0.0,1.0,0.0,74
557,0,1,0,0,0.0,0.0,1.0,0.0,0.0,51
558,1,0,1,0,0.0,0.0,1.0,0.0,0.0,68
559,0,2,1,0,0.0,1.0,0.0,0.0,0.0,69
560,0,2,1,1,0.0,0.0,0.0,0.0,1.0,100
561,1,2,1,0,0.0,0.0,1.0,0.0,0.0,53
562,0,4,0,1,0.0,0.0,1.0,0.0,0.0,72
563,0,4,0,0,0.0,1.0,0.0,0.0,0.0,50
564,0,1,1,0,0.0,0.0,1.0,0.0,0.0,65
565,1,1,0,0,0.0,0.0,0.0,1.0,0.0,15
566,0,0,0,0,0.0,0.0,1.0,0.0,0.0,64
567,0,1,1,0,0.0,0.0,1.0,0.0,0.0,77
568,1,2,1,1,0.0,0.0,0.0,1.0,0.0,61
569,1,1,0,1,0.0,1.0,0.0,0.0,0.0,49
570,0,4,1,0,0.0,0.0,1.0,0.0,0.0,70
571,0,3,1,0,1.0,0.0,0.0,0.0,0.0,60
572,1,2,1,0,0.0,0.0,0.0,1.0,0.0,84
573,0,1,0,0,0.0,0.0,0.0,1.0,0.0,51
574,0,4,1,0,0.0,0.0,1.0,0.0,0.0,74
575,1,4,1,1,0.0,1.0,0.0,0.0,0.0,64
576,1,2,1,1,0.0,0.0,1.0,0.0,0.0,67
577,0,3,1,0,0.0,0.0,1.0,0.0,0.0,76
578,0,0,1,1,0.0,0.0,0.0,1.0,0.0,70
579,1,2,1,0,0.0,0.0,1.0,0.0,0.0,85
580,1,0,1,0,0.0,0.0,0.0,1.0,0.0,53
581,0,0,1,0,0.0,1.0,0.0,0.0,0.0,55
582,1,1,1,0,0.0,0.0,1.0,0.0,0.0,50
583,0,0,0,0,0.0,0.0,1.0,0.0,0.0,79
584,0,3,1,0,0.0,0.0,1.0,0.0,0.0,81
585,0,3,1,1,0.0,0.0,0.0,1.0,0.0,89
586,0,3,0,1,0.0,0.0,1.0,0.0,0.0,59
587,0,2,1,1,0.0,0.0,0.0,1.0,0.0,82
588,0,3,1,0,0.0,0.0,0.0,1.0,0.0,86
589,1,2,0,0,0.0,0.0,0.0,1.0,0.0,41
590,1,5,1,1,0.0,0.0,0.0,1.0,0.0,64
591,0,3,0,1,1.0,0.0,0.0,0.0,0.0,68
592,0,1,0,1,0.0,0.0,0.0,0.0,1.0,74
593,1,2,0,1,0.0,0.0,1.0,0.0,0.0,44
594,1,1,0,1,0.0,0.0,1.0,0.0,0.0,34
595,0,0,1,1,0.0,1.0,0.0,0.0,0.0,45
596,1,5,1,1,0.0,0.0,1.0,0.0,0.0,83
597,0,1,0,0,0.0,0.0,0.0,0.0,1.0,61
598,1,1,1,1,0.0,1.0,0.0,0.0,0.0,81
599,0,3,0,0,0.0,1.0,0.0,0.0,0.0,45
600,0,1,1,0,0.0,1.0,0.0,0.0,0.0,71
601,0,4,1,1,0.0,0.0,1.0,0.0,0.0,62
602,1,2,1,1,0.0,0.0,0.0,0.0,1.0,78
603,0,2,1,0,0.0,0.0,0.0,1.0,0.0,76
604,1,3,1,1,1.0,0.0,0.0,0.0,0.0,73
605,1,3,1,0,0.0,0.0,1.0,0.0,0.0,82
606,0,2,1,1,0.0,0.0,0.0,1.0,0.0,69
607,0,4,0,0,0.0,0.0,0.0,1.0,0.0,72
608,1,1,1,1,0.0,1.0,0.0,0.0,0.0,72
609,0,3,0,0,0.0,1.0,0.0,0.0,0.0,57
610,0,1,1,1,1.0,0.0,0.0,0.0,0.0,83
611,1,0,0,1,0.0,0.0,1.0,0.0,0.0,62
612,0,3,1,0,0.0,0.0,0.0,1.0,0.0,99
613,0,1,1,1,0.0,1.0,0.0,0.0,0.0,88
614,1,1,1,0,0.0,0.0,1.0,0.0,0.0,56
615,1,3,1,0,0.0,1.0,0.0,0.0,0.0,68
616,0,1,1,1,0.0,0.0,1.0,0.0,0.0,75
617,1,2,1,0,0.0,0.0,1.0,0.0,0.0,45
618,0,1,0,0,0.0,0.0,1.0,0.0,0.0,72
619,0,2,1,1,0.0,0.0,0.0,0.0,1.0,99
620,0,2,0,0,0.0,0.0,1.0,0.0,0.0,76
621,1,0,0,1,0.0,1.0,0.0,0.0,0.0,64
622,1,2,1,0,0.0,1.0,0.0,0.0,0.0,56
623,1,2,0,0,0.0,0.0,0.0,0.0,1.0,74
624,0,4,1,1,0.0,0.0,0.0,1.0,0.0,97
625,1,4,1,1,0.0,1.0,0.0,0.0,0.0,55
626,1,2,1,1,0.0,1.0,0.0,0.0,0.0,77
627,1,4,1,0,0.0,0.0,0.0,1.0,0.0,78
628,0,1,1,0,1.0,0.0,0.0,0.0,0.0,78
629,0,2,0,0,0.0,0.0,1.0,0.0,0.0,33
630,1,3,1,0,0.0,0.0,0.0,1.0,0.0,66
631,0,2,1,1,0.0,0.0,0.0,0.0,1.0,87
632,1,2,1,0,0.0,1.0,0.0,0.0,0.0,50
633,0,4,0,0,0.0,1.0,0.0,0.0,0.0,70
634,1,2,0,1,0.0,1.0,0.0,0.0,0.0,47
635,1,1,1,0,0.0,0.0,1.0,0.0,0.0,80
636,0,2,1,1,0.0,0.0,0.0,0.0,1.0,91
637,1,1,0,1,0.0,0.0,0.0,1.0,0.0,78
638,0,2,0,1,0.0,0.0,0.0,1.0,0.0,56
639,0,0,1,0,0.0,0.0,1.0,0.0,0.0,54
640,0,3,1,1,1.0,0.0,0.0,0.0,0.0,79
641,0,3,1,1,0.0,0.0,0.0,0.0,1.0,93
642,0,0,1,1,0.0,0.0,0.0,1.0,0.0,74
643,1,3,0,0,0.0,0.0,0.0,0.0,1.0,83
644,1,2,0,1,0.0,0.0,1.0,0.0,0.0,62
645,1,4,1,0,0.0,0.0,0.0,1.0,0.0,58
646,0,2,0,0,0.0,0.0,0.0,0.0,1.0,73
647,0,2,1,0,0.0,0.0,0.0,1.0,0.0,75
648,0,2,0,0,0.0,0.0,1.0,0.0,0.0,51
649,1,0,0,1,0.0,0.0,1.0,0.0,0.0,58
650,1,4,1,1,0.0,0.0,1.0,0.0,0.0,92
651,1,3,0,0,0.0,0.0,0.0,1.0,0.0,39
652,1,3,1,0,0.0,1.0,0.0,0.0,0.0,84
653,0,2,1,1,0.0,0.0,1.0,0.0,0.0,71
654,1,1,1,0,0.0,0.0,0.0,0.0,1.0,85
655,1,1,0,0,0.0,1.0,0.0,0.0,0.0,59
656,0,4,1,0,0.0,0.0,0.0,1.0,0.0,71
657,0,0,1,0,0.0,0.0,0.0,0.0,1.0,74
658,1,3,0,1,0.0,0.0,0.0,0.0,1.0,83
659,0,0,0,1,0.0,1.0,0.0,0.0,0.0,64
660,0,2,1,0,0.0,0.0,1.0,0.0,0.0,79
661,1,1,0,0,0.0,0.0,1.0,0.0,0.0,24
662,0,3,0,1,0.0,0.0,0.0,0.0,1.0,66
663,1,0,1,1,0.0,0.0,0.0,1.0,0.0,69
664,0,0,1,0,0.0,0.0,1.0,0.0,0.0,65
665,0,0,1,0,0.0,0.0,0.0,0.0,1.0,66
666,1,1,1,0,0.0,0.0,0.0,0.0,1.0,54
667,0,0,1,0,0.0,0.0,0.0,1.0,0.0,59
668,0,2,0,0,0.0,0.0,1.0,0.0,0.0,60
669,1,2,1,0,0.0,0.0,0.0,1.0,0.0,68
670,1,2,0,0,0.0,0.0,0.0,0.0,1.0,84
671,1,5,1,0,0.0,1.0,0.0,0.0,0.0,62
672,0,1,0,1,0.0,1.0,0.0,0.0,0.0,76
673,1,3,1,1,0.0,1.0,0.0,0.0,0.0,81
674,0,5,0,0,0.0,1.0,0.0,0.0,0.0,54
675,0,1,1,0,0.0,0.0,0.0,1.0,0.0,67
676,0,0,1,1,1.0,0.0,0.0,0.0,0.0,56
677,0,4,0,0,0.0,0.0,0.0,1.0,0.0,63
678,0,3,0,0,0.0,0.0,1.0,0.0,0.0,39
679,0,5,1,0,0.0,0.0,1.0,0.0,0.0,93
680,1,0,0,1,0.0,0.0,0.0,0.0,1.0,65
681,0,3,1,0,1.0,0.0,0.0,0.0,0.0,83
682,0,3,0,1,0.0,0.0,0.0,1.0,0.0,75
683,0,2,0,0,0.0,0.0,1.0,0.0,0.0,71
684,1,2,1,0,0.0,0.0,1.0,0.0,0.0,46
685,1,4,1,1,0.0,0.0,0.0,1.0,0.0,60
686,0,4,1,0,0.0,0.0,0.0,1.0,0.0,55
687,0,5,1,1,0.0,0.0,1.0,0.0,0.0,79
688,0,3,0,0,0.0,0.0,1.0,0.0,0.0,62
689,1,1,1,1,0.0,0.0,1.0,0.0,0.0,55
690,1,2,1,0,0.0,1.0,0.0,0.0,0.0,58
691,0,3,0,0,0.0,0.0,0.0,1.0,0.0,82
692,1,1,0,0,0.0,1.0,0.0,0.0,0.0,30
693,0,2,1,0,0.0,0.0,1.0,0.0,0.0,80
694,0,2,1,0,0.0,0.0,0.0,1.0,0.0,98
695,1,2,1,0,1.0,0.0,0.0,0.0,0.0,83
696,1,4,1,0,0.0,1.0,0.0,0.0,0.0,81
697,1,1,0,1,0.0,0.0,1.0,0.0,0.0,54
698,1,1,0,0,0.0,0.0,0.0,0.0,1.0,62
699,1,1,0,1,0.0,0.0,0.0,0.0,1.0,70
700,1,2,1,0,0.0,0.0,1.0,0.0,0.0,77
701,0,1,1,1,0.0,0.0,0.0,1.0,0.0,78
702,0,3,0,1,1.0,0.0,0.0,0.0,0.0,69
703,1,2,0,1,0.0,1.0,0.0,0.0,0.0,58
704,1,1,0,1,0.0,0.0,0.0,1.0,0.0,39
705,0,0,1,0,0.0,0.0,0.0,1.0,0.0,80
706,0,2,1,0,0.0,1.0,0.0,0.0,0.0,76
707,1,1,1,0,1.0,0.0,0.0,0.0,0.0,52
708,0,5,1,0,0.0,1.0,0.0,0.0,0.0,88
709,0,5,0,0,0.0,0.0,1.0,0.0,0.0,82
710,0,2,0,0,0.0,0.0,1.0,0.0,0.0,62
711,1,0,1,1,0.0,0.0,0.0,0.0,1.0,90
712,1,3,0,0,1.0,0.0,0.0,0.0,0.0,41
713,0,2,0,1,0.0,0.0,1.0,0.0,0.0,59
714,1,2,1,0,0.0,1.0,0.0,0.0,0.0,61
715,0,4,1,0,0.0,0.0,1.0,0.0,0.0,68
716,1,3,1,0,0.0,0.0,1.0,0.0,0.0,60
717,1,0,0,1,0.0,1.0,0.0,0.0,0.0,37
718,0,2,0,0,0.0,0.0,0.0,0.0,1.0,67
719,1,3,1,0,1.0,0.0,0.0,0.0,0.0,73
720,0,2,0,1,1.0,0.0,0.0,0.0,0.0,74
721,1,2,0,1,0.0,0.0,1.0,0.0,0.0,67
722,1,2,0,0,0.0,1.0,0.0,0.0,0.0,37
723,1,2,0,1,0.0,0.0,1.0,0.0,0.0,64
724,0,1,0,0,0.0,0.0,1.0,0.0,0.0,34
725,1,1,1,0,0.0,0.0,0.0,1.0,0.0,54
726,1,2,1,0,0.0,1.0,0.0,0.0,0.0,65
727,0,2,1,0,0.0,0.0,0.0,1.0,0.0,81
728,0,5,1,1,0.0,0.0,0.0,0.0,1.0,88
729,0,0,1,1,0.0,0.0,1.0,0.0,0.0,60
730,1,5,1,0,0.0,0.0,1.0,0.0,0.0,70
731,1,0,1,0,0.0,0.0,1.0,0.0,0.0,67
732,1,4,1,1,0.0,0.0,0.0,0.0,1.0,98
733,0,0,0,1,0.0,0.0,0.0,1.0,0.0,35
734,0,1,0,1,0.0,0.0,0.0,1.0,0.0,38
735,0,1,0,0,1.0,0.0,0.0,0.0,0.0,70
736,1,0,0,1,0.0,0.0,0.0,0.0,1.0,42
737,1,0,0,0,1.0,0.0,0.0,0.0,0.0,47
738,1,4,0,1,0.0,1.0,0.0,0.0,0.0,49
739,0,2,1,1,0.0,0.0,0.0,0.0,1.0,90
740,0,3,0,0,0.0,0.0,0.0,1.0,0.0,49
741,0,5,0,0,0.0,0.0,0.0,1.0,0.0,83
742,0,3,0,0,0.0,0.0,1.0,0.0,0.0,82
743,1,3,1,0,0.0,0.0,0.0,1.0,0.0,67
744,0,5,1,0,0.0,1.0,0.0,0.0,0.0,92
745,1,5,1,0,0.0,0.0,1.0,0.0,0.0,59
746,0,4,1,0,0.0,0.0,0.0,1.0,0.0,64
747,1,0,1,0,0.0,0.0,1.0,0.0,0.0,88
748,0,2,1,0,0.0,0.0,0.0,1.0,0.0,92
749,1,2,1,0,0.0,0.0,1.0,0.0,0.0,59
750,0,1,0,0,0.0,0.0,1.0,0.0,0.0,45
751,0,1,0,0,0.0,0.0,1.0,0.0,0.0,56
752,0,1,1,0,0.0,1.0,0.0,0.0,0.0,52
753,1,2,1,1,0.0,0.0,0.0,1.0,0.0,81
754,0,1,1,0,0.0,1.0,0.0,0.0,0.0,51
755,1,4,0,0,0.0,0.0,0.0,1.0,0.0,69
756,0,1,1,0,0.0,1.0,0.0,0.0,0.0,81
757,1,4,0,0,0.0,0.0,0.0,1.0,0.0,73
758,1,4,1,1,0.0,0.0,0.0,0.0,1.0,92
759,0,3,1,0,0.0,0.0,0.0,0.0,1.0,71
760,1,1,1,0,0.0,0.0,1.0,0.0,0.0,61
761,0,3,1,0,0.0,0.0,1.0,0.0,0.0,80
762,0,0,0,0,0.0,1.0,0.0,0.0,0.0,38
763,0,0,1,1,0.0,1.0,0.0,0.0,0.0,72
764,1,2,1,1,0.0,0.0,0.0,0.0,1.0,96
765,1,3,1,1,0.0,1.0,0.0,0.0,0.0,64
766,0,1,1,1,0.0,1.0,0.0,0.0,0.0,85
767,0,3,1,0,0.0,0.0,0.0,0.0,1.0,82
768,0,3,1,0,0.0,1.0,0.0,0.0,0.0,72
769,1,5,0,0,0.0,0.0,1.0,0.0,0.0,43
770,0,2,0,1,0.0,0.0,0.0,0.0,1.0,72
771,0,2,1,1,0.0,0.0,0.0,1.0,0.0,80
772,0,1,1,0,0.0,0.0,0.0,1.0,0.0,81
773,0,0,0,0,0.0,0.0,0.0,0.0,1.0,66
774,0,3,1,0,0.0,1.0,0.0,0.0,0.0,74
775,0,5,0,1,0.0,0.0,0.0,1.0,0.0,75
776,0,2,1,0,0.0,0.0,1.0,0.0,0.0,68
777,0,0,0,0,0.0,0.0,0.0,1.0,0.0,67
778,0,2,1,0,0.0,1.0,0.0,0.0,0.0,58
779,0,2,1,0,0.0,0.0,0.0,1.0,0.0,79
780,1,3,0,0,0.0,1.0,0.0,0.0,0.0,59
781,0,4,0,0,0.0,0.0,1.0,0.0,0.0,47
782,0,2,0,1,0.0,0.0,0.0,1.0,0.0,67
783,0,2,1,1,1.0,0.0,0.0,0.0,0.0,92
784,0,3,1,0,0.0,0.0,0.0,1.0,0.0,44
785,0,5,0,0,0.0,0.0,1.0,0.0,0.0,57
786,1,4,1,1,0.0,0.0,0.0,1.0,0.0,83
787,1,5,1,1,1.0,0.0,0.0,0.0,0.0,68
788,0,3,1,0,0.0,1.0,0.0,0.0,0.0,59
789,1,0,0,0,0.0,1.0,0.0,0.0,0.0,36
790,0,2,1,1,1.0,0.0,0.0,0.0,0.0,56
791,1,1,0,1,0.0,0.0,0.0,0.0,1.0,80
792,0,2,0,1,0.0,0.0,1.0,0.0,0.0,62
793,0,3,1,1,1.0,0.0,0.0,0.0,0.0,55
794,1,4,0,1,0.0,0.0,1.0,0.0,0.0,44
795,1,1,1,0,0.0,0.0,0.0,0.0,1.0,92
796,0,1,0,1,0.0,1.0,0.0,0.0,0.0,73
797,1,1,1,1,0.0,0.0,0.0,1.0,0.0,75
798,0,3,1,1,0.0,0.0,0.0,0.0,1.0,82
799,0,0,1,0,0.0,0.0,1.0,0.0,0.0,84
800,0,5,1,0,0.0,0.0,1.0,0.0,0.0,81
801,0,2,1,0,1.0,0.0,0.0,0.0,0.0,82
802,1,1,1,0,0.0,0.0,1.0,0.0,0.0,31
803,0,0,1,0,0.0,0.0,0.0,0.0,1.0,73
804,1,2,1,0,0.0,0.0,0.0,0.0,1.0,89
805,0,4,1,1,0.0,0.0,0.0,0.0,1.0,100
806,1,3,0,1,0.0,0.0,0.0,1.0,0.0,47
807,0,3,1,1,0.0,1.0,0.0,0.0,0.0,79
808,0,1,0,1,0.0,0.0,1.0,0.0,0.0,77
809,0,2,1,0,0.0,0.0,0.0,1.0,0.0,63
810,0,1,1,0,1.0,0.0,0.0,0.0,0.0,56
811,1,3,0,1,0.0,1.0,0.0,0.0,0.0,58
812,0,2,1,1,0.0,0.0,1.0,0.0,0.0,77
813,1,2,1,1,0.0,0.0,0.0,0.0,1.0,82
814,1,1,0,0,0.0,1.0,0.0,0.0,0.0,51
815,0,0,1,0,0.0,0.0,0.0,0.0,1.0,92
816,0,3,1,1,0.0,0.0,0.0,0.0,1.0,88
817,1,2,1,0,0.0,0.0,0.0,0.0,1.0,62
818,0,3,1,0,0.0,0.0,0.0,1.0,0.0,61
819,1,3,0,0,0.0,0.0,1.0,0.0,0.0,65
820,0,5,1,1,0.0,0.0,0.0,0.0,1.0,84
821,1,0,0,0,0.0,0.0,0.0,1.0,0.0,30
822,0,3,0,1,1.0,0.0,0.0,0.0,0.0,63
823,1,1,1,0,0.0,0.0,0.0,0.0,1.0,79
824,1,2,1,0,0.0,0.0,0.0,1.0,0.0,66
825,1,3,1,0,0.0,0.0,0.0,1.0,0.0,63
826,1,3,0,0,0.0,0.0,0.0,1.0,0.0,71
827,1,5,1,0,0.0,0.0,1.0,0.0,0.0,69
828,1,2,0,0,0.0,0.0,1.0,0.0,0.0,70
829,0,0,1,0,0.0,0.0,0.0,1.0,0.0,67
830,1,0,1,0,0.0,0.0,1.0,0.0,0.0,53
831,1,4,0,0,0.0,1.0,0.0,0.0,0.0,50
832,1,1,1,0,0.0,0.0,1.0,0.0,0.0,59
833,0,1,1,0,0.0,0.0,0.0,0.0,1.0,87
834,1,4,1,0,0.0,1.0,0.0,0.0,0.0,88
835,1,4,1,0,0.0,0.0,0.0,0.0,1.0,52
836,1,0,1,0,0.0,0.0,1.0,0.0,0.0,60
837,1,0,1,1,0.0,0.0,0.0,1.0,0.0,77
838,0,3,0,1,0.0,0.0,1.0,0.0,0.0,47
839,1,2,1,1,0.0,1.0,0.0,0.0,0.0,92
840,1,0,1,0,0.0,0.0,0.0,0.0,1.0,87
841,1,1,1,0,0.0,0.0,0.0,1.0,0.0,74
842,0,0,1,1,1.0,0.0,0.0,0.0,0.0,67
843,0,2,0,0,0.0,1.0,0.0,0.0,0.0,56
844,0,3,1,0,0.0,1.0,0.0,0.0,0.0,73
845,0,5,0,0,0.0,0.0,0.0,1.0,0.0,75
846,0,1,1,1,0.0,0.0,0.0,1.0,0.0,70
847,0,1,1,0,0.0,0.0,1.0,0.0,0.0,79
848,0,4,1,1,0.0,0.0,1.0,0.0,0.0,86
849,1,1,1,1,0.0,1.0,0.0,0.0,0.0,77
850,0,1,0,1,0.0,0.0,0.0,1.0,0.0,58
851,1,5,1,0,0.0,0.0,0.0,1.0,0.0,69
852,0,2,1,1,0.0,0.0,0.0,1.0,0.0,94
853,1,2,0,0,0.0,0.0,0.0,0.0,1.0,76
854,1,1,1,0,0.0,0.0,1.0,0.0,0.0,71
855,0,4,0,0,0.0,0.0,0.0,1.0,0.0,85
856,0,0,1,0,0.0,0.0,1.0,0.0,0.0,94
857,0,5,1,0,0.0,0.0,0.0,0.0,1.0,91
858,0,3,1,1,0.0,0.0,0.0,1.0,0.0,100
859,1,4,0,0,0.0,0.0,0.0,1.0,0.0,68
860,0,1,0,0,0.0,0.0,1.0,0.0,0.0,59
861,1,4,1,0,0.0,1.0,0.0,0.0,0.0,73
862,0,2,0,1,0.0,1.0,0.0,0.0,0.0,76
863,1,0,1,0,0.0,0.0,1.0,0.0,0.0,86
864,1,3,1,1,0.0,0.0,1.0,0.0,0.0,75
865,0,0,1,0,0.0,0.0,0.0,1.0,0.0,68
866,1,1,0,0,0.0,0.0,0.0,1.0,0.0,68
867,0,2,1,0,0.0,0.0,0.0,1.0,0.0,59
868,0,2,0,0,0.0,0.0,0.0,1.0,0.0,67
869,0,3,0,0,0.0,0.0,1.0,0.0,0.0,59
870,0,4,0,0,0.0,0.0,1.0,0.0,0.0,58
871,1,3,1,0,1.0,0.0,0.0,0.0,0.0,61
872,1,0,0,0,0.0,1.0,0.0,0.0,0.0,55
873,1,4,1,0,0.0,0.0,0.0,1.0,0.0,41
874,1,2,0,0,0.0,0.0,0.0,1.0,0.0,36
875,0,3,1,1,0.0,0.0,0.0,0.0,1.0,84
876,0,3,0,0,0.0,0.0,0.0,0.0,1.0,57
877,1,3,1,0,0.0,0.0,1.0,0.0,0.0,81
878,0,0,1,0,1.0,0.0,0.0,0.0,0.0,59
879,0,2,0,0,0.0,0.0,0.0,1.0,0.0,66
880,0,2,0,1,0.0,0.0,1.0,0.0,0.0,65
881,1,3,1,0,0.0,0.0,1.0,0.0,0.0,65
882,1,0,0,1,1.0,0.0,0.0,0.0,0.0,53
883,0,0,1,0,0.0,1.0,0.0,0.0,0.0,79
884,1,3,1,1,0.0,0.0,1.0,0.0,0.0,89
885,1,1,0,0,0.0,0.0,0.0,0.0,1.0,85
886,1,2,1,0,0.0,0.0,1.0,0.0,0.0,79
887,1,3,1,1,0.0,1.0,0.0,0.0,0.0,83
888,1,0,0,0,0.0,0.0,0.0,0.0,1.0,62
889,1,2,1,0,0.0,0.0,0.0,0.0,1.0,64
890,1,4,1,0,0.0,0.0,0.0,0.0,1.0,66
891,1,0,1,0,0.0,0.0,1.0,0.0,0.0,74
892,1,4,1,1,0.0,1.0,0.0,0.0,0.0,85
893,1,1,1,1,0.0,0.0,1.0,0.0,0.0,44
894,1,2,1,1,0.0,0.0,0.0,0.0,1.0,68
895,1,2,1,1,0.0,0.0,1.0,0.0,0.0,59
896,0,1,1,0,0.0,1.0,0.0,0.0,0.0,64
897,1,2,0,0,0.0,0.0,1.0,0.0,0.0,62
898,0,5,0,0,0.0,0.0,1.0,0.0,0.0,45
899,0,1,1,0,0.0,0.0,0.0,1.0,0.0,85
900,0,0,1,0,0.0,0.0,1.0,0.0,0.0,45
901,0,3,1,0,0.0,1.0,0.0,0.0,0.0,81
902,1,1,0,0,0.0,0.0,1.0,0.0,0.0,48
903,1,2,1,1,0.0,0.0,1.0,0.0,0.0,80
904,1,4,1,1,1.0,0.0,0.0,0.0,0.0,66
905,1,4,1,1,0.0,1.0,0.0,0.0,0.0,80
906,0,0,0,0,0.0,0.0,0.0,0.0,1.0,47
907,1,1,1,0,0.0,1.0,0.0,0.0,0.0,74
908,0,4,0,0,0.0,1.0,0.0,0.0,0.0,55
909,0,3,1,0,0.0,0.0,0.0,1.0,0.0,100
910,0,0,1,0,0.0,0.0,1.0,0.0,0.0,83
911,0,0,1,1,0.0,0.0,0.0,0.0,1.0,87
912,0,0,1,0,0.0,0.0,1.0,0.0,0.0,28
913,0,0,1,1,0.0,0.0,0.0,1.0,0.0,76
914,1,4,1,0,0.0,0.0,0.0,0.0,1.0,86
915,1,4,0,0,1.0,0.0,0.0,0.0,0.0,65
916,0,5,1,0,0.0,0.0,0.0,1.0,0.0,88
917,1,5,1,1,0.0,0.0,0.0,1.0,0.0,87
918,0,0,1,0,0.0,0.0,0.0,1.0,0.0,51
919,0,3,0,1,1.0,0.0,0.0,0.0,0.0,75
920,0,0,1,0,0.0,0.0,0.0,1.0,0.0,83
921,1,3,1,0,0.0,1.0,0.0,0.0,0.0,82
922,0,2,1,0,0.0,0.0,1.0,0.0,0.0,77
923,1,1,1,1,1.0,0.0,0.0,0.0,0.0,67
924,0,1,1,0,0.0,0.0,0.0,0.0,1.0,80
925,0,1,1,0,0.0,0.0,0.0,1.0,0.0,58
